WTeam,LTeam,Prob,Games,Incorrect
Alabama,Arizona,26.25%,,
Alabama,Arizona St,43.81%,,
Alabama,Arkansas,46.08%,,
Alabama,Auburn,20.88%,,
Alabama,Bucknell,46.57%,,
Alabama,Buffalo,40.54%,,
Alabama,Butler,37.79%,,
Alabama,Cincinnati,15.64%,,
Alabama,Clemson,41.17%,,
Alabama,Col Charleston,27.84%,,
Alabama,Creighton,40.82%,,
Alabama,CS Fullerton,62.71%,,
Alabama,Davidson,41.77%,,
Alabama,Duke,10.88%,,
Alabama,Florida,40.84%,,
Alabama,Florida St,28.69%,,
Alabama,Georgia St,44.49%,,
Alabama,Gonzaga,17.20%,,
Alabama,Houston,33.54%,,
Alabama,Iona,52.58%,,
Alabama,Kansas,24.38%,,
Alabama,Kansas St,32.57%,,
Alabama,Kentucky,42.42%,,
Alabama,Lipscomb,63.22%,,
Alabama,Long Island,75.38%,,
Alabama,Loyola-Chicago,32.56%,,
Alabama,Marshall,39.29%,,
Alabama,Miami FL,35.37%,,
Alabama,Michigan,33.79%,,
Alabama,Michigan St,16.21%,,
Alabama,Missouri,64.26%,,
Alabama,Montana,38.48%,,
Alabama,Murray St,28.21%,,
Alabama,NC Central,73.86%,,
Alabama,NC State,29.06%,,
Alabama,Nevada,24.43%,,
Alabama,New Mexico St,30.00%,,
Alabama,North Carolina,19.22%,,
Alabama,Ohio St,33.87%,,
Alabama,Oklahoma,54.86%,,
Alabama,Penn,53.88%,,
Alabama,Providence,48.19%,,
Alabama,Purdue,22.01%,,
Alabama,Radford,48.55%,,
Alabama,Rhode Island,22.75%,,
Alabama,S Dakota St,37.94%,,
Alabama,San Diego St,52.35%,,
Alabama,Seton Hall,34.43%,,
Alabama,SF Austin,46.66%,,
Alabama,St Bonaventure,35.10%,,
Alabama,Syracuse,40.07%,,
Alabama,TCU,37.30%,,
Alabama,Tennessee,35.22%,,
Alabama,Texas,43.39%,,
Alabama,Texas A&M,38.60%,,
Alabama,Texas Tech,27.74%,,
Alabama,TX Southern,85.41%,,
Alabama,UCLA,38.75%,,
Alabama,UMBC,65.40%,,
Alabama,UNC Greensboro,37.92%,,
Alabama,Villanova,12.44%,,
Alabama,Virginia,13.14%,,
Alabama,Virginia Tech,49.07%,E,X
Alabama,West Virginia,22.06%,,
Alabama,Wichita St,22.97%,,
Alabama,Wright St,49.18%,,
Alabama,Xavier,24.99%,,
Arizona,Arizona St,68.66%,,
Arizona,Arkansas,70.61%,,
Arizona,Auburn,42.58%,,
Arizona,Bucknell,71.01%,,
Arkansas,Butler,41.54%,E,
Arizona,Butler,63.06%,,
Arizona,Cincinnati,34.25%,,
Arizona,Clemson,66.29%,,
Arizona,Col Charleston,52.02%,,
Arizona,Creighton,65.97%,,
Arizona,CS Fullerton,82.54%,,
Arizona,Davidson,66.84%,,
Arizona,Duke,25.54%,,
Arizona,Florida,65.98%,,
Arizona,Florida St,53.07%,,
Arizona,Georgia St,69.25%,,
Arizona,Gonzaga,36.85%,,
Arizona,Houston,58.64%,,
Arizona,Iona,75.70%,,
Arizona,Kansas,47.53%,,
Arizona,Kansas St,57.58%,,
Arizona,Kentucky,67.43%,,
Arizona,Lipscomb,82.85%,,
Arizona,Long Island,89.59%,,
Arizona,Loyola-Chicago,57.57%,,
Arizona,Marshall,64.52%,,
Arizona,Miami FL,60.60%,,
Arizona,Michigan,58.92%,,
Arizona,Michigan St,35.21%,,
Arizona,Missouri,83.48%,,
Arizona,Montana,63.74%,,
Arizona,Murray St,52.47%,,
Arizona,NC Central,88.81%,,
Arizona,NC State,53.52%,,
Arizona,Nevada,47.60%,,
Arizona,New Mexico St,54.63%,,
Arizona,North Carolina,40.07%,,
Arizona,Ohio St,59.00%,,
Arizona,Oklahoma,77.35%,,
Arizona,Penn,76.65%,,
Arizona,Providence,72.33%,,
Arizona,Purdue,44.23%,,
Arizona,Radford,72.61%,,
Arizona,Rhode Island,45.29%,,
Arizona,S Dakota St,63.21%,,
Arizona,San Diego St,75.54%,,
Arizona,Seton Hall,59.60%,,
Arizona,SF Austin,71.08%,,
Arizona,St Bonaventure,60.32%,,
Arizona,Syracuse,65.26%,,
Arizona,TCU,62.57%,,
Arizona,Tennessee,60.44%,,
Arizona,Texas,68.29%,,
Arizona,Texas A&M,63.86%,,
Arizona,Texas Tech,51.90%,,
Arizona,TX Southern,94.27%,,
Arizona,UCLA,64.00%,,
Arizona,UMBC,84.16%,,
Arizona,UNC Greensboro,63.19%,,
Arizona,Villanova,28.53%,,
Arizona,Virginia,29.83%,,
Arizona,Virginia Tech,73.03%,,
Arizona,West Virginia,44.31%,,
Arizona,Wichita St,45.59%,,
Arizona,Wright St,73.11%,,
Arizona,Xavier,48.36%,,
Arizona St,Arkansas,52.30%,,
Arizona St,Auburn,25.29%,,
Arizona St,Bucknell,52.79%,,
Arizona St,Buffalo,46.65%,,
Arizona St,Butler,43.79%,,
Arizona St,Cincinnati,19.21%,,
Arizona St,Clemson,47.30%,,
Arizona St,Col Charleston,33.10%,,
Arizona St,Creighton,46.94%,,
Arizona St,CS Fullerton,68.32%,,
Arizona St,Davidson,47.92%,,
Arizona St,Duke,13.54%,,
Arizona St,Florida,46.96%,,
Arizona St,Florida St,34.04%,,
Arizona St,Georgia St,50.69%,,
Arizona St,Gonzaga,21.04%,,
Arizona St,Houston,39.29%,,
Arizona St,Iona,58.71%,,
Arizona St,Kansas,29.25%,,
Arizona St,Kansas St,38.25%,,
Arizona St,Kentucky,48.58%,,
Arizona St,Lipscomb,68.79%,,
Arizona St,Long Island,79.71%,,
Arizona St,Loyola-Chicago,38.25%,,
Arizona St,Marshall,45.35%,,
Arizona St,Miami FL,41.25%,,
Arizona St,Michigan,39.56%,,
Arizona St,Michigan St,19.88%,,
Arizona St,Missouri,69.75%,,
Arizona St,Montana,44.52%,,
Arizona St,Murray St,33.51%,,
Arizona St,NC Central,78.37%,,
Arizona St,NC State,34.45%,,
Arizona St,Nevada,29.31%,,
Arizona St,New Mexico St,35.47%,,
Arizona St,North Carolina,23.38%,,
Arizona St,Ohio St,39.64%,,
Arizona St,Oklahoma,60.92%,,
Arizona St,Penn,59.97%,,
Arizona St,Providence,54.40%,,
Arizona St,Purdue,26.58%,,
Arizona St,Radford,54.75%,,
Arizona St,Rhode Island,27.42%,,
Arizona St,S Dakota St,43.95%,,
Arizona St,San Diego St,58.49%,,
Arizona St,Seton Hall,40.24%,,
Arizona St,SF Austin,52.88%,,
Arizona St,St Bonaventure,40.96%,,
Arizona St,Syracuse,46.16%,,
Arizona St,TCU,43.28%,,
Arizona St,Tennessee,41.08%,,
Arizona St,Texas,49.57%,,
Arizona St,Texas A&M,44.64%,,
Arizona St,Texas Tech,33.00%,,
Arizona St,TX Southern,88.25%,,
Arizona St,UCLA,44.80%,,
Arizona St,UMBC,70.80%,,
Arizona St,UNC Greensboro,43.93%,,
Arizona St,Villanova,15.41%,,
Arizona St,Virginia,16.25%,,
Arizona St,Virginia Tech,55.27%,,
Arizona St,West Virginia,26.64%,,
Arizona St,Wichita St,27.66%,,
Arizona St,Wright St,55.38%,,
Arizona St,Xavier,29.94%,,
Arkansas,Auburn,23.59%,,
Arkansas,Bucknell,50.49%,,
Arkansas,Buffalo,44.37%,,
CS Fullerton,Purdue,14.37%,E,
Arkansas,Cincinnati,17.82%,,
Arkansas,Clemson,45.02%,,
Arkansas,Col Charleston,31.10%,,
Arkansas,Creighton,44.66%,,
Arkansas,CS Fullerton,66.30%,,
Arkansas,Davidson,45.63%,,
Arkansas,Duke,12.50%,,
Arkansas,Florida,44.68%,,
Arkansas,Florida St,32.01%,,
Arkansas,Georgia St,48.39%,,
Arkansas,Gonzaga,19.55%,,
Arkansas,Houston,37.12%,,
Arkansas,Iona,56.47%,,
Arkansas,Kansas,27.39%,,
Arkansas,Kansas St,36.10%,,
Arkansas,Kentucky,46.29%,,
Arkansas,Lipscomb,66.79%,,
Arkansas,Long Island,78.18%,,
Arkansas,Loyola-Chicago,36.10%,,
Arkansas,Marshall,43.09%,,
Arkansas,Miami FL,39.04%,,
Arkansas,Michigan,37.39%,,
Arkansas,Michigan St,18.45%,,
Arkansas,Missouri,67.78%,,
Arkansas,Montana,42.26%,,
Arkansas,Murray St,31.49%,,
Arkansas,NC Central,76.77%,,
Arkansas,NC State,32.40%,,
Arkansas,Nevada,27.44%,,
Arkansas,New Mexico St,33.39%,,
Arkansas,North Carolina,21.78%,,
Arkansas,Ohio St,37.46%,,
Arkansas,Oklahoma,58.71%,,
Arkansas,Penn,57.75%,,
Arkansas,Providence,52.11%,,
Arkansas,Purdue,24.82%,,
Arkansas,Radford,52.47%,,
Arkansas,Rhode Island,25.63%,,
Arkansas,S Dakota St,41.70%,,
Arkansas,San Diego St,56.25%,,
Arkansas,Seton Hall,38.05%,,
Arkansas,SF Austin,50.58%,,
Arkansas,St Bonaventure,38.76%,,
Arkansas,Syracuse,43.89%,,
Arkansas,TCU,41.04%,,
Arkansas,Tennessee,38.87%,,
Arkansas,Texas,47.28%,,
Arkansas,Texas A&M,42.38%,,
Arkansas,Texas Tech,31.00%,,
Arkansas,TX Southern,87.26%,,
Arkansas,UCLA,42.54%,,
Arkansas,UMBC,68.86%,,
Arkansas,UNC Greensboro,41.68%,,
Arkansas,Villanova,14.25%,,
Arkansas,Virginia,15.04%,,
Arkansas,Virginia Tech,52.99%,,
Arkansas,West Virginia,24.88%,,
Arkansas,Wichita St,25.86%,,
Arkansas,Wright St,53.10%,,
Arkansas,Xavier,28.05%,,
Auburn,Bucknell,76.76%,,
Auburn,Buffalo,72.09%,,
Auburn,Butler,69.71%,,
Auburn,Cincinnati,41.27%,,
Auburn,Clemson,72.62%,,
Florida,St Bonaventure,43.94%,E,X
Auburn,Creighton,72.33%,,
Auburn,CS Fullerton,86.44%,,
Auburn,Davidson,73.11%,,
Auburn,Duke,31.63%,,
Auburn,Florida,72.34%,,
Auburn,Florida St,60.40%,,
Auburn,Georgia St,75.23%,,
Auburn,Gonzaga,44.04%,,
Auburn,Houston,65.66%,,
Auburn,Iona,80.77%,,
Auburn,Kansas,54.99%,,
Auburn,Kansas St,64.67%,,
Auburn,Kentucky,73.63%,,
Auburn,Lipscomb,86.69%,,
Auburn,Long Island,92.07%,,
Auburn,Loyola-Chicago,64.66%,,
Auburn,Marshall,71.03%,,
Auburn,Miami FL,67.47%,,
Auburn,Michigan,65.92%,,
Auburn,Michigan St,42.30%,,
Auburn,Missouri,87.20%,,
Auburn,Montana,70.33%,,
Auburn,Murray St,59.82%,,
Auburn,NC Central,91.46%,,
Auburn,NC State,60.82%,,
Auburn,Nevada,55.05%,,
Auburn,New Mexico St,61.89%,,
Auburn,North Carolina,47.42%,,
Auburn,Ohio St,65.99%,,
Auburn,Oklahoma,82.16%,,
Auburn,Penn,81.57%,,
Auburn,Providence,77.90%,,
Auburn,Purdue,51.68%,,
Auburn,Radford,78.14%,,
Auburn,Rhode Island,52.75%,,
Auburn,S Dakota St,69.85%,,
Auburn,San Diego St,80.64%,,
Auburn,Seton Hall,66.55%,,
Auburn,SF Austin,76.83%,,
Auburn,St Bonaventure,67.21%,,
Auburn,Syracuse,71.70%,,
Auburn,TCU,69.27%,,
Auburn,Tennessee,67.32%,,
Auburn,Texas,74.39%,,
Auburn,Texas A&M,70.44%,,
Auburn,Texas Tech,59.27%,,
Auburn,TX Southern,95.00%,,
Auburn,UCLA,70.57%,,
Auburn,UMBC,87.75%,,
Auburn,UNC Greensboro,69.83%,,
Auburn,Villanova,35.00%,,
Auburn,Virginia,36.44%,,
Auburn,Virginia Tech,78.50%,,
Auburn,West Virginia,51.76%,,
Auburn,Wichita St,53.05%,,
Auburn,Wright St,78.57%,,
Auburn,Xavier,55.81%,,
Bucknell,Buffalo,43.88%,,
Bucknell,Butler,41.06%,,
Bucknell,Cincinnati,17.54%,,
Bucknell,Clemson,44.53%,,
Bucknell,Col Charleston,30.68%,,
Bucknell,Creighton,44.17%,,
Bucknell,CS Fullerton,65.86%,,
Bucknell,Davidson,45.15%,,
Bucknell,Duke,12.28%,,
Bucknell,Florida,44.19%,,
Bucknell,Florida St,31.58%,,
Bucknell,Georgia St,47.90%,,
Bucknell,Gonzaga,19.24%,,
Bucknell,Houston,36.66%,,
Bucknell,Iona,55.98%,,
Bucknell,Kansas,27.00%,,
Bucknell,Kansas St,35.65%,,
Bucknell,Kentucky,45.80%,,
Bucknell,Lipscomb,66.35%,,
Bucknell,Long Island,77.84%,,
Bucknell,Loyola-Chicago,35.65%,,
Bucknell,Marshall,42.60%,,
Bucknell,Miami FL,38.57%,,
Bucknell,Michigan,36.93%,,
Marshall,Wichita St,31.54%,E,X
Bucknell,Missouri,67.35%,,
Bucknell,Montana,41.78%,,
Bucknell,Murray St,31.07%,,
Bucknell,NC Central,76.42%,,
Bucknell,NC State,31.97%,,
Bucknell,Nevada,27.05%,,
Bucknell,New Mexico St,32.96%,,
Bucknell,North Carolina,21.44%,,
Bucknell,Ohio St,37.00%,,
Bucknell,Oklahoma,58.23%,,
Bucknell,Penn,57.27%,,
Bucknell,Providence,51.62%,,
Bucknell,Purdue,24.46%,,
Bucknell,Radford,51.98%,,
Bucknell,Rhode Island,25.26%,,
Bucknell,S Dakota St,41.22%,,
Bucknell,San Diego St,55.76%,,
Bucknell,Seton Hall,37.59%,,
Bucknell,SF Austin,50.09%,,
Bucknell,St Bonaventure,38.29%,,
Bucknell,Syracuse,43.40%,,
Bucknell,TCU,40.56%,,
Bucknell,Tennessee,38.41%,,
Bucknell,Texas,46.79%,,
Bucknell,Texas A&M,41.90%,,
Bucknell,Texas Tech,30.58%,,
Bucknell,TX Southern,87.04%,,
Bucknell,UCLA,42.06%,,
Bucknell,UMBC,68.44%,,
Bucknell,UNC Greensboro,41.20%,,
Bucknell,Villanova,14.01%,,
Bucknell,Virginia,14.79%,,
Bucknell,Virginia Tech,52.50%,,
Bucknell,West Virginia,24.51%,,
Bucknell,Wichita St,25.49%,,
Bucknell,Wright St,52.61%,,
Bucknell,Xavier,27.65%,,
Buffalo,Butler,47.12%,,
Buffalo,Cincinnati,21.38%,,
Buffalo,Clemson,50.65%,,
Buffalo,Col Charleston,36.14%,,
Buffalo,Creighton,50.29%,,
Buffalo,CS Fullerton,71.16%,,
Buffalo,Davidson,51.28%,,
Buffalo,Duke,15.19%,,
Buffalo,Florida,50.31%,,
Buffalo,Florida St,37.12%,,
Buffalo,Georgia St,54.04%,,
Buffalo,Gonzaga,23.35%,,
Buffalo,Houston,42.53%,,
Buffalo,Iona,61.92%,,
Buffalo,Kansas,32.10%,,
Buffalo,Kansas St,41.47%,,
Buffalo,Kentucky,51.94%,,
Buffalo,Lipscomb,71.60%,,
Buffalo,Long Island,81.79%,,
Buffalo,Loyola-Chicago,41.46%,,
Buffalo,Marshall,48.70%,,
Buffalo,Miami FL,44.53%,,
Buffalo,Michigan,42.81%,,
Buffalo,Michigan St,22.10%,,
Buffalo,Missouri,72.51%,,
Buffalo,Montana,47.85%,,
Buffalo,Murray St,36.56%,,
Buffalo,NC Central,80.56%,,
Buffalo,NC State,37.54%,,
Buffalo,Nevada,32.16%,,
Buffalo,New Mexico St,38.60%,,
Buffalo,North Carolina,25.87%,,
Buffalo,Ohio St,42.89%,,
Buffalo,Oklahoma,64.07%,,
Buffalo,Penn,63.15%,,
Buffalo,Providence,57.70%,,
Buffalo,Purdue,29.28%,,
Buffalo,Radford,58.05%,,
Buffalo,Rhode Island,30.17%,,
Buffalo,S Dakota St,47.28%,,
Buffalo,San Diego St,61.71%,,
Buffalo,Seton Hall,43.51%,,
Buffalo,SF Austin,56.20%,,
Buffalo,St Bonaventure,44.24%,,
Buffalo,Syracuse,49.51%,,
Buffalo,TCU,46.60%,,
Buffalo,Tennessee,44.36%,,
Buffalo,Texas,52.92%,,
Buffalo,Texas A&M,47.98%,,
Buffalo,Texas Tech,36.03%,,
Buffalo,TX Southern,89.57%,,
Buffalo,UCLA,48.13%,,
Buffalo,UMBC,73.49%,,
Buffalo,UNC Greensboro,47.26%,,
Buffalo,Villanova,17.25%,,
Buffalo,Virginia,18.16%,,
Buffalo,Virginia Tech,58.56%,,
Buffalo,West Virginia,29.34%,,
Buffalo,Wichita St,30.43%,,
Buffalo,Wright St,58.67%,,
Buffalo,Xavier,32.83%,,
Butler,Cincinnati,23.39%,,
Butler,Clemson,53.54%,,
Butler,Col Charleston,38.85%,,
Butler,Creighton,53.18%,,
Butler,CS Fullerton,73.47%,,
Butler,Davidson,54.15%,,
Butler,Duke,16.74%,,
Butler,Florida,53.20%,,
Butler,Florida St,39.85%,,
Butler,Georgia St,56.89%,,
Butler,Gonzaga,25.48%,,
Butler,Houston,45.38%,,
Butler,Iona,64.61%,,
Butler,Kansas,34.67%,,
Butler,Kansas St,44.30%,,
Butler,Kentucky,54.81%,,
Butler,Lipscomb,73.89%,,
Butler,Long Island,83.45%,,
Butler,Loyola-Chicago,44.29%,,
Butler,Marshall,51.58%,,
Butler,Miami FL,47.40%,,
Butler,Michigan,45.66%,,
Butler,Michigan St,24.15%,,
Butler,Missouri,74.75%,,
Butler,Montana,50.74%,,
Butler,Murray St,39.28%,,
Butler,NC Central,82.31%,,
Butler,NC State,40.28%,,
Butler,Nevada,34.73%,,
Butler,New Mexico St,41.37%,,
Butler,North Carolina,28.15%,,
Butler,Ohio St,45.74%,,
Butler,Oklahoma,66.68%,,
Butler,Penn,65.79%,,
Butler,Providence,60.50%,,
Butler,Purdue,31.73%,,
Butler,Radford,60.84%,,
Butler,Rhode Island,32.66%,,
Butler,S Dakota St,50.17%,,
Butler,San Diego St,64.40%,,
Butler,Seton Hall,46.37%,,
Butler,SF Austin,59.02%,,
Butler,St Bonaventure,47.11%,,
Butler,Syracuse,52.40%,,
Butler,TCU,49.48%,,
Butler,Tennessee,47.23%,,
Butler,Texas,55.79%,,
Butler,Texas A&M,50.86%,,
Butler,Texas Tech,38.73%,,
Butler,TX Southern,90.60%,,
Butler,UCLA,51.02%,,
Butler,UMBC,75.68%,,
Butler,UNC Greensboro,50.14%,,
Butler,Villanova,18.96%,,
Butler,Virginia,19.94%,,
Butler,Virginia Tech,61.33%,,
Butler,West Virginia,31.79%,,
Butler,Wichita St,32.93%,,
Butler,Wright St,61.44%,,
Butler,Xavier,35.43%,,
Cincinnati,Clemson,79.05%,,
Cincinnati,Col Charleston,67.54%,,
Cincinnati,Creighton,78.81%,,
Cincinnati,CS Fullerton,90.07%,,
Cincinnati,Davidson,79.46%,,
Cincinnati,Duke,39.70%,,
Cincinnati,Florida,78.83%,,
Cincinnati,Florida St,68.46%,,
Murray St,West Virginia,41.88%,E,
Cincinnati,Gonzaga,52.83%,,
Cincinnati,Houston,73.13%,,
Cincinnati,Iona,85.67%,,
Cincinnati,Kansas,63.48%,,
Cincinnati,Kansas St,72.26%,,
Cincinnati,Kentucky,79.89%,,
Cincinnati,Lipscomb,90.26%,,
Cincinnati,Long Island,94.29%,,
Cincinnati,Loyola-Chicago,72.26%,,
Cincinnati,Marshall,77.73%,,
Cincinnati,Miami FL,74.70%,,
Cincinnati,Michigan,73.35%,,
Cincinnati,Michigan St,51.06%,,
Cincinnati,Missouri,90.65%,,
Cincinnati,Montana,77.14%,,
Cincinnati,Murray St,67.94%,,
Cincinnati,NC Central,93.84%,,
Cincinnati,NC State,68.84%,,
Cincinnati,Nevada,63.55%,,
Cincinnati,New Mexico St,69.80%,,
Cincinnati,North Carolina,56.21%,,
Cincinnati,Ohio St,73.42%,,
Cincinnati,Oklahoma,86.76%,,
Cincinnati,Penn,86.30%,,
Cincinnati,Providence,83.38%,,
Cincinnati,Purdue,60.35%,,
Cincinnati,Radford,83.58%,,
Cincinnati,Rhode Island,61.37%,,
Cincinnati,S Dakota St,76.73%,,
Cincinnati,San Diego St,85.56%,,
Cincinnati,Seton Hall,73.90%,,
Cincinnati,SF Austin,82.51%,,
Cincinnati,St Bonaventure,74.47%,,
Cincinnati,Syracuse,78.29%,,
Cincinnati,TCU,76.24%,,
Cincinnati,Tennessee,74.57%,,
Cincinnati,Texas,80.52%,,
Cincinnati,Texas A&M,77.23%,,
Cincinnati,Texas Tech,67.44%,,
Cincinnati,TX Southern,95.00%,,
Cincinnati,UCLA,77.34%,,
Cincinnati,UMBC,91.07%,,
Cincinnati,UNC Greensboro,76.71%,,
Cincinnati,Villanova,43.38%,,
Cincinnati,Virginia,44.93%,,
Cincinnati,Virginia Tech,83.86%,,
Cincinnati,West Virginia,60.43%,,
Cincinnati,Wichita St,61.66%,,
Cincinnati,Wright St,83.92%,,
Cincinnati,Xavier,64.25%,,
Clemson,Col Charleston,35.54%,,
Clemson,Creighton,49.64%,,
Clemson,CS Fullerton,70.62%,,
Clemson,Davidson,50.62%,,
Clemson,Duke,14.85%,,
Clemson,Florida,49.66%,,
Clemson,Florida St,36.51%,,
Clemson,Georgia St,53.39%,,
Clemson,Gonzaga,22.89%,,
Clemson,Houston,41.90%,,
Clemson,Iona,61.31%,,
Clemson,Kansas,31.54%,,
Clemson,Kansas St,40.84%,,
Clemson,Kentucky,51.28%,,
Clemson,Lipscomb,71.07%,,
Clemson,Long Island,81.40%,,
Clemson,Loyola-Chicago,40.83%,,
Clemson,Marshall,48.04%,,
Clemson,Miami FL,43.89%,,
Clemson,Michigan,42.18%,,
Clemson,Michigan St,21.65%,,
Clemson,Missouri,71.98%,,
Clemson,Montana,47.20%,,
Clemson,Murray St,35.96%,,
Clemson,NC Central,80.15%,,
Clemson,NC State,36.93%,,
Clemson,Nevada,31.59%,,
Radford,Villanova,13.09%,E,
Clemson,North Carolina,25.38%,,
Clemson,Ohio St,42.25%,,
Clemson,Oklahoma,63.46%,,
Clemson,Penn,62.54%,,
Clemson,Providence,57.06%,,
Clemson,Purdue,28.74%,,
Clemson,Radford,57.42%,,
Clemson,Rhode Island,29.63%,,
Clemson,S Dakota St,46.63%,,
Clemson,San Diego St,61.09%,,
Clemson,Seton Hall,42.87%,,
Clemson,SF Austin,55.56%,,
Clemson,St Bonaventure,43.60%,,
Clemson,Syracuse,48.86%,,
Clemson,TCU,45.95%,,
Clemson,Tennessee,43.72%,,
Clemson,Texas,52.27%,,
Clemson,Texas A&M,47.33%,,
Clemson,Texas Tech,35.43%,,
Clemson,TX Southern,89.33%,,
Clemson,UCLA,47.48%,,
Clemson,UMBC,72.98%,,
Clemson,UNC Greensboro,46.61%,,
Clemson,Villanova,16.88%,,
Clemson,Virginia,17.78%,,
Clemson,Virginia Tech,57.93%,,
Clemson,West Virginia,28.80%,,
Clemson,Wichita St,29.88%,,
Clemson,Wright St,58.04%,,
Clemson,Xavier,32.26%,,
Col Charleston,Creighton,64.13%,,
Col Charleston,CS Fullerton,81.34%,,
Col Charleston,Davidson,65.03%,,
Col Charleston,Duke,24.04%,,
Col Charleston,Florida,64.15%,,
Col Charleston,Florida St,51.06%,,
Col Charleston,Georgia St,67.51%,,
Col Charleston,Gonzaga,35.00%,,
Col Charleston,Houston,56.67%,,
Col Charleston,Iona,74.19%,,
Col Charleston,Kansas,45.52%,,
Col Charleston,Kansas St,55.60%,,
Col Charleston,Kentucky,65.63%,,
Col Charleston,Lipscomb,81.67%,,
Col Charleston,Long Island,88.81%,,
Col Charleston,Loyola-Chicago,55.59%,,
Col Charleston,Marshall,62.65%,,
Col Charleston,Miami FL,58.66%,,
Col Charleston,Michigan,56.95%,,
Col Charleston,Michigan St,33.40%,,
Col Charleston,Missouri,82.33%,,
Col Charleston,Montana,61.86%,,
Col Charleston,Murray St,50.46%,,
Col Charleston,NC Central,87.99%,,
Col Charleston,NC State,51.50%,,
Col Charleston,Nevada,45.59%,,
Col Charleston,New Mexico St,52.63%,,
Col Charleston,North Carolina,38.15%,,
Col Charleston,Ohio St,57.03%,,
Col Charleston,Oklahoma,75.91%,,
Col Charleston,Penn,75.18%,,
Col Charleston,Providence,70.68%,,
Col Charleston,Purdue,42.25%,,
Col Charleston,Radford,70.98%,,
Col Charleston,Rhode Island,43.30%,,
Col Charleston,S Dakota St,61.31%,,
Col Charleston,San Diego St,74.02%,,
Col Charleston,Seton Hall,57.65%,,
Col Charleston,SF Austin,69.40%,,
Col Charleston,St Bonaventure,58.37%,,
Col Charleston,Syracuse,63.41%,,
Col Charleston,TCU,60.66%,,
Col Charleston,Tennessee,58.49%,,
Col Charleston,Texas,66.52%,,
Col Charleston,Texas A&M,61.97%,,
Col Charleston,Texas Tech,49.88%,,
Col Charleston,TX Southern,93.82%,,
Col Charleston,UCLA,62.12%,,
Col Charleston,UMBC,83.05%,,
Col Charleston,UNC Greensboro,61.29%,,
Col Charleston,Villanova,26.92%,,
Col Charleston,Virginia,28.17%,,
Col Charleston,Virginia Tech,71.41%,,
Col Charleston,West Virginia,42.33%,,
Col Charleston,Wichita St,43.60%,,
Col Charleston,Wright St,71.50%,,
Col Charleston,Xavier,46.34%,,
Creighton,CS Fullerton,70.92%,,
Creighton,Davidson,50.99%,,
Creighton,Duke,15.04%,,
Creighton,Florida,50.02%,,
Creighton,Florida St,36.85%,,
Creighton,Georgia St,53.75%,,
Creighton,Gonzaga,23.14%,,
Creighton,Houston,42.25%,,
Creighton,Iona,61.65%,,
Creighton,Kansas,31.85%,,
SF Austin,Texas Tech,30.50%,E,
Creighton,Kentucky,51.65%,,
Creighton,Lipscomb,71.36%,,
Creighton,Long Island,81.62%,,
Creighton,Loyola-Chicago,41.18%,,
Creighton,Marshall,48.41%,,
Creighton,Miami FL,44.25%,,
Creighton,Michigan,42.53%,,
Creighton,Michigan St,21.90%,,
Creighton,Missouri,72.28%,,
Creighton,Montana,47.56%,,
Creighton,Murray St,36.29%,,
Creighton,NC Central,80.38%,,
Creighton,NC State,37.27%,,
Creighton,Nevada,31.91%,,
Creighton,New Mexico St,38.32%,,
Creighton,North Carolina,25.65%,,
Creighton,Ohio St,42.61%,,
Creighton,Oklahoma,63.80%,,
Creighton,Penn,62.88%,,
Creighton,Providence,57.42%,,
Creighton,Purdue,29.04%,,
Creighton,Radford,57.77%,,
Creighton,Rhode Island,29.93%,,
Creighton,S Dakota St,46.99%,,
Creighton,San Diego St,61.44%,,
Creighton,Seton Hall,43.22%,,
Creighton,SF Austin,55.92%,,
Creighton,St Bonaventure,43.96%,,
Creighton,Syracuse,49.22%,,
Creighton,TCU,46.31%,,
Creighton,Tennessee,44.08%,,
Creighton,Texas,52.64%,,
Creighton,Texas A&M,47.69%,,
Creighton,Texas Tech,35.76%,,
Creighton,TX Southern,89.46%,,
Creighton,UCLA,47.85%,,
Creighton,UMBC,73.27%,,
Creighton,UNC Greensboro,46.97%,,
Creighton,Villanova,17.08%,,
Creighton,Virginia,17.99%,,
Creighton,Virginia Tech,58.28%,,
Creighton,West Virginia,29.10%,,
Creighton,Wichita St,30.18%,,
Creighton,Wright St,58.39%,,
Creighton,Xavier,32.57%,,
CS Fullerton,Davidson,29.90%,,
CS Fullerton,Duke,6.77%,,
CS Fullerton,Florida,29.10%,,
CS Fullerton,Florida St,19.31%,,
CS Fullerton,Georgia St,32.28%,,
CS Fullerton,Gonzaga,10.99%,,
CS Fullerton,Houston,23.08%,,
CS Fullerton,Iona,39.73%,,
CS Fullerton,Kansas,16.09%,,
CS Fullerton,Kansas St,22.31%,,
CS Fullerton,Kentucky,30.46%,,
CS Fullerton,Lipscomb,50.55%,,
CS Fullerton,Long Island,64.55%,,
CS Fullerton,Loyola-Chicago,22.31%,,
CS Fullerton,Marshall,27.79%,,
CS Fullerton,Miami FL,24.55%,,
CS Fullerton,Michigan,23.28%,,
CS Fullerton,Michigan St,10.32%,,
CS Fullerton,Missouri,51.67%,,
CS Fullerton,Montana,27.11%,,
CS Fullerton,Murray St,18.94%,,
CS Fullerton,NC Central,62.69%,,
CS Fullerton,NC State,19.59%,,
CS Fullerton,Nevada,16.12%,,
CS Fullerton,New Mexico St,20.31%,,
CS Fullerton,North Carolina,12.40%,,
CS Fullerton,Ohio St,23.34%,,
CS Fullerton,Oklahoma,41.95%,,
CS Fullerton,Penn,40.99%,,
CS Fullerton,Providence,35.61%,,
Auburn,Col Charleston,59.38%,M,
CS Fullerton,Radford,35.94%,,
CS Fullerton,Rhode Island,14.91%,,
CS Fullerton,S Dakota St,26.66%,,
CS Fullerton,San Diego St,39.52%,,
CS Fullerton,Seton Hall,23.79%,,
CS Fullerton,SF Austin,34.22%,,
CS Fullerton,St Bonaventure,24.34%,,
CS Fullerton,Syracuse,28.45%,,
CS Fullerton,TCU,26.13%,,
CS Fullerton,Tennessee,24.43%,,
CS Fullerton,Texas,31.31%,,
CS Fullerton,Texas A&M,27.21%,,
CS Fullerton,Texas Tech,18.59%,,
CS Fullerton,TX Southern,77.69%,,
CS Fullerton,UCLA,27.34%,,
CS Fullerton,UMBC,52.92%,,
CS Fullerton,UNC Greensboro,26.65%,,
CS Fullerton,Villanova,7.79%,,
CS Fullerton,Virginia,8.25%,,
CS Fullerton,Virginia Tech,36.42%,,
CS Fullerton,West Virginia,14.41%,,
CS Fullerton,Wichita St,15.06%,,
CS Fullerton,Wright St,36.53%,,
CS Fullerton,Xavier,16.54%,,
Davidson,Duke,14.54%,,
Davidson,Florida,49.04%,,
Davidson,Florida St,35.94%,,
Davidson,Georgia St,52.77%,,
Davidson,Gonzaga,22.45%,,
Davidson,Houston,41.29%,,
Davidson,Iona,60.72%,,
Davidson,Kansas,31.00%,,
Davidson,Kansas St,40.24%,,
Bucknell,Michigan St,18.16%,M,
Davidson,Lipscomb,70.55%,,
Davidson,Long Island,81.02%,,
Davidson,Loyola-Chicago,40.23%,,
Davidson,Marshall,47.42%,,
Davidson,Miami FL,43.28%,,
Davidson,Michigan,41.57%,,
Davidson,Michigan St,21.24%,,
Davidson,Missouri,71.48%,,
Davidson,Montana,46.58%,,
Davidson,Murray St,35.39%,,
Davidson,NC Central,79.75%,,
Davidson,NC State,36.35%,,
Davidson,Nevada,31.06%,,
Davidson,New Mexico St,37.40%,,
Davidson,North Carolina,24.91%,,
Davidson,Ohio St,41.65%,,
Davidson,Oklahoma,62.89%,,
Davidson,Penn,61.95%,,
Davidson,Providence,56.46%,,
Davidson,Purdue,28.24%,,
Davidson,Radford,56.81%,,
Davidson,Rhode Island,29.11%,,
Davidson,S Dakota St,46.01%,,
Davidson,San Diego St,60.50%,,
Davidson,Seton Hall,42.26%,,
Davidson,SF Austin,54.94%,,
Davidson,St Bonaventure,42.99%,,
Davidson,Syracuse,48.24%,,
Davidson,TCU,45.33%,,
Davidson,Tennessee,43.11%,,
Davidson,Texas,51.65%,,
Davidson,Texas A&M,46.71%,,
Davidson,Texas Tech,34.87%,,
Davidson,TX Southern,89.09%,,
Davidson,UCLA,46.86%,,
Davidson,UMBC,72.49%,,
Davidson,UNC Greensboro,45.99%,,
Davidson,Villanova,16.53%,,
Davidson,Virginia,17.42%,,
Davidson,Virginia Tech,57.32%,,
Davidson,West Virginia,28.30%,,
Davidson,Wichita St,29.36%,,
Davidson,Wright St,57.43%,,
Davidson,Xavier,31.72%,,
Duke,Florida,84.97%,,
Duke,Florida St,76.73%,,
Duke,Georgia St,86.78%,,
Duke,Gonzaga,62.98%,,
Duke,Houston,80.52%,,
Clemson,New Mexico St,37.98%,M,
Duke,Kansas,72.53%,,
Duke,Kansas St,79.82%,,
Duke,Kentucky,85.78%,,
Duke,Lipscomb,93.37%,,
Duke,Long Island,95.00%,,
Duke,Loyola-Chicago,79.82%,,
Duke,Marshall,84.13%,,
Duke,Miami FL,81.76%,,
Duke,Michigan,80.70%,,
Duke,Michigan St,61.31%,,
Duke,Missouri,93.64%,,
Duke,Montana,83.67%,,
Duke,Murray St,76.29%,,
Duke,NC Central,95.00%,,
Duke,NC State,77.04%,,
Duke,Nevada,72.59%,,
Duke,New Mexico St,77.83%,,
Duke,North Carolina,66.10%,,
Duke,Ohio St,80.75%,,
Duke,Oklahoma,90.87%,,
Duke,Penn,90.54%,,
Duke,Providence,88.40%,,
Duke,Purdue,69.81%,,
Duke,Radford,88.54%,,
Duke,Rhode Island,70.70%,,
Duke,S Dakota St,83.36%,,
Duke,San Diego St,90.00%,,
Duke,Seton Hall,81.14%,,
Duke,SF Austin,87.75%,,
Duke,St Bonaventure,81.59%,,
Duke,Syracuse,84.56%,,
Duke,TCU,82.97%,,
Duke,Tennessee,81.66%,,
Duke,Texas,86.26%,,
Duke,Texas A&M,83.74%,,
Duke,Texas Tech,75.88%,,
Duke,TX Southern,95.00%,,
Duke,UCLA,83.83%,,
Duke,UMBC,93.93%,,
Duke,UNC Greensboro,83.34%,,
Duke,Villanova,53.79%,,
Duke,Virginia,55.34%,,
Duke,Virginia Tech,88.75%,,
Duke,West Virginia,69.87%,,
Duke,Wichita St,70.95%,,
Duke,Wright St,88.80%,,
Duke,Xavier,73.19%,,
Florida,Florida St,36.83%,,
Florida,Georgia St,53.73%,,
Florida,Gonzaga,23.13%,,
Florida,Houston,42.23%,,
Florida,Iona,61.63%,,
Florida,Kansas,31.84%,,
Florida,Kansas St,41.17%,,
Florida,Kentucky,51.63%,,
Florida,Lipscomb,71.35%,,
Florida,Long Island,81.61%,,
Florida,Loyola-Chicago,41.16%,,
Florida,Marshall,48.39%,,
Florida,Miami FL,44.23%,,
Florida,Michigan,42.51%,,
Florida,Michigan St,21.89%,,
Florida,Missouri,72.26%,,
Florida,Montana,47.54%,,
Florida,Murray St,36.27%,,
Florida,NC Central,80.37%,,
Florida,NC State,37.25%,,
Florida,Nevada,31.89%,,
Florida,New Mexico St,38.31%,,
Florida,North Carolina,25.64%,,
Florida,Ohio St,42.59%,,
Florida,Oklahoma,63.78%,,
Florida,Penn,62.86%,,
Florida,Providence,57.40%,,
Florida,Purdue,29.02%,,
Florida,Radford,57.75%,,
Florida,Rhode Island,29.91%,,
Florida,S Dakota St,46.97%,,
Florida,San Diego St,61.42%,,
Florida,Seton Hall,43.20%,,
Florida,SF Austin,55.90%,,
Duke,Iona,90.08%,M,
Florida,Syracuse,49.20%,,
Florida,TCU,46.29%,,
Florida,Tennessee,44.06%,,
Florida,Texas,52.62%,,
Florida,Texas A&M,47.67%,,
Florida,Texas Tech,35.75%,,
Florida,TX Southern,89.46%,,
Florida,UCLA,47.83%,,
Florida,UMBC,73.25%,,
Florida,UNC Greensboro,46.95%,,
Florida,Villanova,17.07%,,
Florida,Virginia,17.98%,,
Florida,Virginia Tech,58.26%,,
Florida,West Virginia,29.09%,,
Florida,Wichita St,30.17%,,
Florida,Wright St,58.37%,,
Florida,Xavier,32.56%,,
Florida St,Georgia St,66.57%,,
Florida St,Gonzaga,34.04%,,
Florida St,Houston,55.63%,,
Florida St,Iona,73.37%,,
Florida St,Kansas,44.48%,,
Florida St,Kansas St,54.55%,,
Florida St,Kentucky,64.67%,,
Florida St,Lipscomb,81.03%,,
Florida St,Long Island,88.39%,,
Florida St,Loyola-Chicago,54.54%,,
Florida St,Marshall,61.66%,,
Florida St,Miami FL,57.63%,,
Florida St,Michigan,55.92%,,
Florida St,Michigan St,32.46%,,
Kansas,Penn,78.37%,M,
Florida St,Montana,60.86%,,
Florida St,Murray St,49.40%,,
Florida St,NC Central,87.53%,,
Florida St,NC State,50.45%,,
Florida St,Nevada,44.54%,,
Florida St,New Mexico St,51.57%,,
Florida St,North Carolina,37.16%,,
Florida St,Ohio St,56.00%,,
Florida St,Oklahoma,75.13%,,
Florida St,Penn,74.38%,,
Florida St,Providence,69.80%,,
Florida St,Purdue,41.22%,,
Florida St,Radford,70.10%,,
Florida St,Rhode Island,42.27%,,
Florida St,S Dakota St,60.31%,,
Florida St,San Diego St,73.19%,,
Florida St,Seton Hall,56.61%,,
Florida St,SF Austin,68.49%,,
Florida St,St Bonaventure,57.34%,,
Florida St,Syracuse,62.43%,,
Florida St,TCU,59.65%,,
Florida St,Tennessee,57.46%,,
Florida St,Texas,65.57%,,
Florida St,Texas A&M,60.97%,,
Florida St,Texas Tech,48.83%,,
Florida St,TX Southern,93.57%,,
Florida St,UCLA,61.12%,,
Florida St,UMBC,82.45%,,
Florida St,UNC Greensboro,60.29%,,
Florida St,Villanova,26.09%,,
Florida St,Virginia,27.32%,,
Florida St,Virginia Tech,70.54%,,
Florida St,West Virginia,41.30%,,
Florida St,Wichita St,42.56%,,
Florida St,Wright St,70.63%,,
Florida St,Xavier,45.30%,,
Georgia St,Gonzaga,20.58%,,
Georgia St,Houston,38.64%,,
Georgia St,Iona,58.04%,,
Georgia St,Kansas,28.69%,,
Georgia St,Kansas St,37.60%,,
Georgia St,Kentucky,47.89%,,
Georgia St,Lipscomb,68.20%,,
Georgia St,Long Island,79.26%,,
Georgia St,Loyola-Chicago,37.60%,,
Georgia St,Marshall,44.67%,,
Georgia St,Miami FL,40.58%,,
Georgia St,Michigan,38.91%,,
Georgia St,Michigan St,19.44%,,
Georgia St,Missouri,69.17%,,
Georgia St,Montana,43.84%,,
Georgia St,Murray St,32.90%,,
Georgia St,NC Central,77.90%,,
Georgia St,NC State,33.83%,,
Georgia St,Nevada,28.74%,,
Georgia St,New Mexico St,34.84%,,
Georgia St,North Carolina,22.90%,,
Georgia St,Ohio St,38.99%,,
Georgia St,Oklahoma,60.26%,,
Georgia St,Penn,59.31%,,
Georgia St,Providence,53.72%,,
Georgia St,Purdue,26.05%,,
Georgia St,Radford,54.07%,,
Georgia St,Rhode Island,26.88%,,
Georgia St,S Dakota St,43.28%,,
Georgia St,San Diego St,57.83%,,
Georgia St,Seton Hall,39.58%,,
Georgia St,SF Austin,52.19%,,
Georgia St,St Bonaventure,40.30%,,
Georgia St,Syracuse,45.48%,,
Georgia St,TCU,42.61%,,
Georgia St,Tennessee,40.42%,,
Georgia St,Texas,48.88%,,
Georgia St,Texas A&M,43.96%,,
Georgia St,Texas Tech,32.39%,,
Georgia St,TX Southern,87.96%,,
Georgia St,UCLA,44.12%,,
Georgia St,UMBC,70.22%,,
Georgia St,UNC Greensboro,43.25%,,
Georgia St,Villanova,15.06%,,
Georgia St,Virginia,15.88%,,
Georgia St,Virginia Tech,54.59%,,
Georgia St,West Virginia,26.10%,,
Georgia St,Wichita St,27.12%,,
Georgia St,Wright St,54.70%,,
Georgia St,Xavier,29.37%,,
Gonzaga,Houston,70.84%,,
Gonzaga,Iona,84.22%,,
Gonzaga,Kansas,60.82%,,
Gonzaga,Kansas St,69.93%,,
Gonzaga,Kentucky,78.01%,,
Gonzaga,Lipscomb,89.22%,,
Gonzaga,Long Island,93.65%,,
Gonzaga,Loyola-Chicago,69.92%,,
Gonzaga,Marshall,75.70%,,
Gonzaga,Miami FL,72.49%,,
Gonzaga,Michigan,71.08%,,
Gonzaga,Michigan St,48.22%,,
Gonzaga,Missouri,89.64%,,
Gonzaga,Montana,75.07%,,
Gonzaga,Murray St,65.42%,,
Gonzaga,NC Central,93.15%,,
Gonzaga,NC State,66.36%,,
Gonzaga,Nevada,60.88%,,
Gonzaga,New Mexico St,67.36%,,
Gonzaga,North Carolina,53.40%,,
Gonzaga,Ohio St,71.14%,,
Gonzaga,Oklahoma,85.41%,,
Gonzaga,Penn,84.90%,,
Gonzaga,Providence,81.75%,,
Gonzaga,Purdue,57.61%,,
Gonzaga,Radford,81.96%,,
Gonzaga,Rhode Island,58.65%,,
Gonzaga,S Dakota St,74.64%,,
Gonzaga,San Diego St,84.10%,,
Gonzaga,Seton Hall,71.65%,,
Gonzaga,SF Austin,80.81%,,
Gonzaga,St Bonaventure,72.26%,,
Gonzaga,Syracuse,76.30%,,
Gonzaga,TCU,74.12%,,
Gonzaga,Tennessee,72.35%,,
Gonzaga,Texas,78.68%,,
Gonzaga,Texas A&M,75.17%,,
Gonzaga,Texas Tech,64.90%,,
Gonzaga,TX Southern,95.00%,,
Gonzaga,UCLA,75.29%,,
Gonzaga,UMBC,90.10%,,
NC State,Seton Hall,56.17%,M,X
Gonzaga,Villanova,40.62%,,
Gonzaga,Virginia,42.14%,,
Gonzaga,Virginia Tech,82.27%,,
Gonzaga,West Virginia,57.68%,,
Gonzaga,Wichita St,58.94%,,
Gonzaga,Wright St,82.33%,,
Gonzaga,Xavier,61.60%,,
Houston,Iona,68.72%,,
Houston,Kansas,38.98%,,
Houston,Kansas St,48.91%,,
Houston,Kentucky,59.35%,,
Houston,Lipscomb,77.31%,,
Houston,Long Island,85.85%,,
Houston,Loyola-Chicago,48.90%,,
Houston,Marshall,56.19%,,
Houston,Miami FL,52.03%,,
Houston,Michigan,50.29%,,
Houston,Michigan St,27.71%,,
Houston,Missouri,78.09%,,
Houston,Montana,55.35%,,
Houston,Murray St,43.78%,,
Houston,NC Central,84.85%,,
Houston,NC State,44.81%,,
Houston,Nevada,39.05%,,
Houston,New Mexico St,45.93%,,
Houston,North Carolina,32.05%,,
Houston,Ohio St,50.37%,,
Houston,Oklahoma,70.66%,,
Houston,Penn,69.84%,,
Houston,Providence,64.83%,,
Houston,Purdue,35.87%,,
Houston,Radford,65.16%,,
Houston,Rhode Island,36.86%,,
Houston,S Dakota St,54.79%,,
Oklahoma,Rhode Island,19.51%,M,
Houston,Seton Hall,50.99%,,
Houston,SF Austin,63.42%,,
Houston,St Bonaventure,51.74%,,
Houston,Syracuse,56.99%,,
Houston,TCU,54.11%,,
Houston,Tennessee,51.86%,,
Houston,Texas,60.30%,,
Houston,Texas A&M,55.48%,,
Houston,Texas Tech,43.21%,,
Houston,TX Southern,92.07%,,
Houston,UCLA,55.63%,,
Houston,UMBC,78.93%,,
Houston,UNC Greensboro,54.76%,,
Houston,Villanova,21.97%,,
Houston,Virginia,23.07%,,
Houston,Virginia Tech,65.63%,,
Houston,West Virginia,35.94%,,
Houston,Wichita St,37.14%,,
Houston,Wright St,65.73%,,
Houston,Xavier,39.77%,,
Iona,Kansas,22.53%,,
Iona,Kansas St,30.35%,,
Iona,Kentucky,39.92%,,
Iona,Lipscomb,60.79%,,
Iona,Long Island,73.42%,,
Iona,Loyola-Chicago,30.34%,,
Iona,Marshall,36.86%,,
Iona,Miami FL,33.05%,,
Iona,Michigan,31.53%,,
Iona,Michigan St,14.86%,,
Iona,Missouri,61.86%,,
Iona,Montana,36.07%,,
Iona,Murray St,26.17%,,
Iona,NC Central,71.82%,,
Iona,NC State,26.98%,,
Iona,Nevada,22.57%,,
Iona,New Mexico St,27.88%,,
Iona,North Carolina,17.67%,,
Iona,Ohio St,31.60%,,
Iona,Oklahoma,52.30%,,
Iona,Penn,51.31%,,
Iona,Providence,45.62%,,
Iona,Purdue,20.29%,,
Iona,Radford,45.98%,,
Iona,Rhode Island,20.99%,,
Iona,S Dakota St,35.55%,,
Iona,San Diego St,49.78%,,
Iona,Seton Hall,32.14%,,
Iona,SF Austin,44.11%,,
Iona,St Bonaventure,32.79%,,
Iona,Syracuse,37.62%,,
Iona,TCU,34.92%,,
Iona,Tennessee,32.90%,,
Iona,Texas,40.88%,,
Iona,Texas A&M,36.19%,,
Iona,Texas Tech,25.73%,,
Iona,TX Southern,84.08%,,
Iona,UCLA,36.33%,,
Iona,UMBC,63.03%,,
Iona,UNC Greensboro,35.53%,,
Iona,Villanova,11.36%,,
Iona,Virginia,12.01%,,
Iona,Virginia Tech,46.50%,,
Iona,West Virginia,20.34%,,
Iona,Wichita St,21.19%,,
Iona,Wright St,46.61%,,
Iona,Xavier,23.11%,,
Kansas,Kansas St,59.97%,,
Kansas,Kentucky,69.56%,,
Kansas,Lipscomb,84.21%,,
Kansas,Long Island,90.48%,,
Kansas,Loyola-Chicago,59.97%,,
Kansas,Marshall,66.75%,,
Kansas,Miami FL,62.93%,,
Kansas,Michigan,61.29%,,
Kansas,Michigan St,37.50%,,
Kansas,Missouri,84.80%,,
Kansas,Montana,65.99%,,
Kansas,Murray St,54.93%,,
Kansas,NC Central,89.76%,,
Kansas,NC State,55.97%,,
Kansas,Nevada,50.07%,,
Kansas,New Mexico St,57.07%,,
Kansas,North Carolina,42.47%,,
Kansas,Ohio St,61.37%,,
Kansas,Oklahoma,79.04%,,
Syracuse,TCU,47.09%,M,
Kansas,Providence,74.26%,,
Kansas,Purdue,46.68%,,
Kansas,Radford,74.54%,,
Kansas,Rhode Island,47.75%,,
Kansas,S Dakota St,65.48%,,
Kansas,San Diego St,77.32%,,
Kansas,Seton Hall,61.96%,,
Kansas,SF Austin,73.07%,,
Kansas,St Bonaventure,62.66%,,
Kansas,Syracuse,67.47%,,
Kansas,TCU,64.86%,,
Kansas,Tennessee,62.77%,,
Kansas,Texas,70.39%,,
Kansas,Texas A&M,66.11%,,
Kansas,Texas Tech,54.36%,,
Kansas,TX Southern,94.78%,,
Kansas,UCLA,66.25%,,
Kansas,UMBC,85.43%,,
Kansas,UNC Greensboro,65.46%,,
Kansas,Villanova,30.59%,,
Kansas,Virginia,31.94%,,
Kansas,Virginia Tech,74.93%,,
Kansas,West Virginia,46.76%,,
Kansas,Wichita St,48.05%,,
Kansas,Wright St,75.01%,,
Kansas,Xavier,50.83%,,
Kansas St,Kentucky,60.40%,,
Kansas St,Lipscomb,78.06%,,
Kansas St,Long Island,86.38%,,
Kansas St,Loyola-Chicago,50.00%,,
Kansas St,Marshall,57.26%,,
Kansas St,Miami FL,53.12%,,
Kansas St,Michigan,51.38%,,
Kansas St,Michigan St,28.60%,,
Kansas St,Missouri,78.83%,,
Kansas St,Montana,56.43%,,
Kansas St,Murray St,44.86%,,
Kansas St,NC Central,85.40%,,
Kansas St,NC State,45.90%,,
Kansas St,Nevada,40.09%,,
Kansas St,New Mexico St,47.02%,,
Kansas St,North Carolina,33.01%,,
Kansas St,Ohio St,51.46%,,
Kansas St,Oklahoma,71.56%,,
Kansas St,Penn,70.75%,,
Kansas St,Providence,65.82%,,
Kansas St,Purdue,36.88%,,
Kansas St,Radford,66.14%,,
Kansas St,Rhode Island,37.89%,,
Kansas St,S Dakota St,55.87%,,
Kansas St,San Diego St,69.47%,,
Kansas St,Seton Hall,52.09%,,
Kansas St,SF Austin,64.43%,,
Kansas St,St Bonaventure,52.83%,,
Kansas St,Syracuse,58.06%,,
Kansas St,TCU,55.19%,,
Kansas St,Tennessee,52.95%,,
Kansas St,Texas,61.34%,,
Kansas St,Texas A&M,56.56%,,
Kansas St,Texas Tech,44.29%,,
Kansas St,TX Southern,92.38%,,
Kansas St,UCLA,56.71%,,
Kansas St,UMBC,79.65%,,
Kansas St,UNC Greensboro,55.85%,,
Kansas St,Villanova,22.73%,,
Kansas St,Virginia,23.85%,,
Kansas St,Virginia Tech,66.61%,,
Kansas St,West Virginia,36.96%,,
Kansas St,Wichita St,38.17%,,
Kansas St,Wright St,66.71%,,
Kansas St,Xavier,40.83%,,
Kentucky,Lipscomb,70.00%,,
Kentucky,Long Island,80.61%,,
Kentucky,Loyola-Chicago,39.59%,,
Kentucky,Marshall,46.76%,,
Kentucky,Miami FL,42.63%,,
Kentucky,Michigan,40.93%,,
Kentucky,Michigan St,20.80%,,
Kentucky,Missouri,70.94%,,
Kentucky,Montana,45.92%,,
Kentucky,Murray St,34.78%,,
Kentucky,NC Central,79.32%,,
Kentucky,NC State,35.74%,,
Kentucky,Nevada,30.50%,,
Kentucky,New Mexico St,36.78%,,
Kentucky,North Carolina,24.42%,,
Kentucky,Ohio St,41.01%,,
Kentucky,Oklahoma,62.26%,,
Kentucky,Penn,61.33%,,
Kentucky,Providence,55.80%,,
Kentucky,Purdue,27.70%,,
Kentucky,Radford,56.16%,,
Kentucky,Rhode Island,28.57%,,
Kentucky,S Dakota St,45.36%,,
Kentucky,San Diego St,59.87%,,
Kentucky,Seton Hall,41.61%,,
Kentucky,SF Austin,54.29%,,
Kentucky,St Bonaventure,42.34%,,
Kentucky,Syracuse,47.58%,,
Kentucky,TCU,44.68%,,
Kentucky,Tennessee,42.46%,,
Kentucky,Texas,50.99%,,
Kentucky,Texas A&M,46.05%,,
Kentucky,Texas Tech,34.26%,,
Kentucky,TX Southern,88.83%,,
Kentucky,UCLA,46.20%,,
Kentucky,UMBC,71.95%,,
Kentucky,UNC Greensboro,45.33%,,
Kentucky,Villanova,16.17%,,
Kentucky,Virginia,17.04%,,
Kentucky,Virginia Tech,56.67%,,
Kentucky,West Virginia,27.76%,,
Kentucky,Wichita St,28.81%,,
Kentucky,Wright St,56.78%,,
Kentucky,Xavier,31.14%,,
Lipscomb,Long Island,64.05%,,
Lipscomb,Loyola-Chicago,21.93%,,
Lipscomb,Marshall,27.35%,,
Lipscomb,Miami FL,24.15%,,
Lipscomb,Michigan,22.90%,,
Lipscomb,Michigan St,10.12%,,
Lipscomb,Missouri,51.13%,,
Lipscomb,Montana,26.68%,,
Lipscomb,Murray St,18.61%,,
Lipscomb,NC Central,62.18%,,
Lipscomb,NC State,19.25%,,
Lipscomb,Nevada,15.83%,,
Lipscomb,New Mexico St,19.96%,,
Arizona,Buffalo,65.70%,S,X
Lipscomb,Ohio St,22.95%,,
Lipscomb,Oklahoma,41.42%,,
Lipscomb,Penn,40.46%,,
Lipscomb,Providence,35.11%,,
Lipscomb,Purdue,14.10%,,
Lipscomb,Radford,35.44%,,
Lipscomb,Rhode Island,14.63%,,
Lipscomb,S Dakota St,26.24%,,
Lipscomb,San Diego St,39.00%,,
Lipscomb,Seton Hall,23.40%,,
Lipscomb,SF Austin,33.73%,,
Lipscomb,St Bonaventure,23.94%,,
Lipscomb,Syracuse,28.00%,,
Lipscomb,TCU,25.71%,,
Lipscomb,Tennessee,24.03%,,
Lipscomb,Texas,30.84%,,
Lipscomb,Texas A&M,26.78%,,
Lipscomb,Texas Tech,18.26%,,
Lipscomb,TX Southern,77.31%,,
Lipscomb,UCLA,26.91%,,
Lipscomb,UMBC,52.37%,,
Lipscomb,UNC Greensboro,26.22%,,
Lipscomb,Villanova,7.63%,,
Lipscomb,Virginia,8.09%,,
Lipscomb,Virginia Tech,35.92%,,
Lipscomb,West Virginia,14.14%,,
Lipscomb,Wichita St,14.78%,,
Lipscomb,Wright St,36.02%,,
Lipscomb,Xavier,16.24%,,
Long Island,Loyola-Chicago,13.62%,,
Long Island,Marshall,17.44%,,
Long Island,Miami FL,15.16%,,
Long Island,Michigan,14.29%,,
Long Island,Michigan St,5.94%,,
Long Island,Missouri,36.99%,,
Long Island,Montana,16.96%,,
Long Island,Murray St,11.37%,,
Long Island,NC Central,47.99%,,
Long Island,NC State,11.80%,,
Long Island,Nevada,9.55%,,
Long Island,New Mexico St,12.28%,,
Long Island,North Carolina,7.21%,,
Long Island,Ohio St,14.33%,,
Long Island,Oklahoma,28.41%,,
Long Island,Penn,27.61%,,
Long Island,Providence,23.30%,,
Long Island,Purdue,8.44%,,
Long Island,Radford,23.55%,,
Long Island,Rhode Island,8.78%,,
Long Island,S Dakota St,16.64%,,
Long Island,San Diego St,26.41%,,
Long Island,Seton Hall,14.64%,,
Long Island,SF Austin,22.22%,,
Long Island,St Bonaventure,15.01%,,
Long Island,Syracuse,17.92%,,
Long Island,TCU,16.27%,,
Long Island,Tennessee,15.08%,,
Long Island,Texas,20.02%,,
Long Island,Texas A&M,17.03%,,
Long Island,Texas Tech,11.14%,,
Long Island,TX Southern,65.66%,,
Long Island,UCLA,17.12%,,
Long Island,UMBC,38.16%,,
Long Island,UNC Greensboro,16.63%,,
Long Island,Villanova,5.00%,,
Long Island,Virginia,5.00%,,
Long Island,Virginia Tech,23.93%,,
Long Island,West Virginia,8.46%,,
Long Island,Wichita St,8.87%,,
Long Island,Wright St,24.01%,,
Long Island,Xavier,9.81%,,
Loyola-Chicago,Marshall,57.27%,,
Cincinnati,Georgia St,81.21%,S,
Loyola-Chicago,Michigan,51.39%,,
Loyola-Chicago,Michigan St,28.60%,,
Loyola-Chicago,Missouri,78.83%,,
Loyola-Chicago,Montana,56.44%,,
Loyola-Chicago,Murray St,44.86%,,
Loyola-Chicago,NC Central,85.40%,,
Loyola-Chicago,NC State,45.90%,,
Loyola-Chicago,Nevada,40.10%,,
Loyola-Chicago,New Mexico St,47.02%,,
Loyola-Chicago,North Carolina,33.01%,,
Loyola-Chicago,Ohio St,51.47%,,
Loyola-Chicago,Oklahoma,71.57%,,
Loyola-Chicago,Penn,70.75%,,
Loyola-Chicago,Providence,65.83%,,
Loyola-Chicago,Purdue,36.89%,,
Loyola-Chicago,Radford,66.15%,,
Loyola-Chicago,Rhode Island,37.89%,,
Loyola-Chicago,S Dakota St,55.87%,,
Loyola-Chicago,San Diego St,69.47%,,
Loyola-Chicago,Seton Hall,52.09%,,
Loyola-Chicago,SF Austin,64.43%,,
Loyola-Chicago,St Bonaventure,52.84%,,
Loyola-Chicago,Syracuse,58.06%,,
Loyola-Chicago,TCU,55.20%,,
Loyola-Chicago,Tennessee,52.96%,,
Loyola-Chicago,Texas,61.35%,,
Loyola-Chicago,Texas A&M,56.56%,,
Loyola-Chicago,Texas Tech,44.30%,,
Loyola-Chicago,TX Southern,92.38%,,
Loyola-Chicago,UCLA,56.72%,,
Loyola-Chicago,UMBC,79.65%,,
Loyola-Chicago,UNC Greensboro,55.85%,,
Loyola-Chicago,Villanova,22.73%,,
Loyola-Chicago,Virginia,23.86%,,
Loyola-Chicago,Virginia Tech,66.61%,,
Loyola-Chicago,West Virginia,36.96%,,
Loyola-Chicago,Wichita St,38.18%,,
Loyola-Chicago,Wright St,66.71%,,
Loyola-Chicago,Xavier,40.83%,,
Marshall,Miami FL,45.82%,,
Marshall,Michigan,44.10%,,
Marshall,Michigan St,23.01%,,
Marshall,Missouri,73.54%,,
Marshall,Montana,49.16%,,
Marshall,Murray St,37.78%,,
Marshall,NC Central,81.37%,,
Marshall,NC State,38.77%,,
Marshall,Nevada,33.31%,,
Marshall,New Mexico St,39.84%,,
Marshall,North Carolina,26.89%,,
Marshall,Ohio St,44.18%,,
Marshall,Oklahoma,65.26%,,
Marshall,Penn,64.35%,,
Marshall,Providence,58.97%,,
Marshall,Purdue,30.37%,,
Marshall,Radford,59.32%,,
Marshall,Rhode Island,31.28%,,
Marshall,S Dakota St,48.58%,,
Marshall,San Diego St,62.94%,,
Marshall,Seton Hall,44.80%,,
Marshall,SF Austin,57.48%,,
Marshall,St Bonaventure,45.53%,,
Marshall,Syracuse,50.82%,,
Marshall,TCU,47.90%,,
Marshall,Tennessee,45.66%,,
Marshall,Texas,54.22%,,
Marshall,Texas A&M,49.28%,,
Marshall,Texas Tech,37.24%,,
Marshall,TX Southern,90.05%,,
Marshall,UCLA,49.44%,,
Marshall,UMBC,74.50%,,
Marshall,UNC Greensboro,48.56%,,
Marshall,Villanova,18.00%,,
Marshall,Virginia,18.95%,,
Marshall,Virginia Tech,59.82%,,
Marshall,West Virginia,30.44%,,
Creighton,Kansas St,41.19%,S,
Marshall,Wright St,59.93%,,
Marshall,Xavier,33.99%,,
Miami FL,Michigan,48.26%,,
Miami FL,Michigan St,26.11%,,
Miami FL,Missouri,76.66%,,
Miami FL,Montana,53.34%,,
Miami FL,Murray St,41.79%,,
Miami FL,NC Central,83.77%,,
Miami FL,NC State,42.81%,,
Miami FL,Nevada,37.13%,,
Miami FL,New Mexico St,43.92%,,
Miami FL,North Carolina,30.30%,,
Miami FL,Ohio St,48.34%,,
Miami FL,Oklahoma,68.95%,,
Miami FL,Penn,68.10%,,
Miami FL,Providence,62.95%,,
Miami FL,Purdue,34.02%,,
Miami FL,Radford,63.29%,,
Miami FL,Rhode Island,34.99%,,
Miami FL,S Dakota St,52.77%,,
Miami FL,San Diego St,66.75%,,
Miami FL,Seton Hall,48.96%,,
Miami FL,SF Austin,61.51%,,
Miami FL,St Bonaventure,49.71%,,
Miami FL,Syracuse,54.99%,,
Miami FL,TCU,52.08%,,
Miami FL,Tennessee,49.83%,,
Miami FL,Texas,58.34%,,
Miami FL,Texas A&M,53.46%,,
Miami FL,Texas Tech,41.23%,,
Miami FL,TX Southern,91.45%,,
Miami FL,UCLA,53.62%,,
Miami FL,UMBC,77.55%,,
Miami FL,UNC Greensboro,52.74%,,
Miami FL,Villanova,20.61%,,
Miami FL,Virginia,21.66%,,
Miami FL,Virginia Tech,63.77%,,
Miami FL,West Virginia,34.09%,,
Miami FL,Wichita St,35.27%,,
Miami FL,Wright St,63.88%,,
Miami FL,Xavier,37.84%,,
Michigan,Michigan St,27.48%,,
Michigan,Missouri,77.89%,,
Davidson,Kentucky,50.66%,S,X
Michigan,Murray St,43.49%,,
Michigan,NC Central,84.70%,,
Michigan,NC State,44.53%,,
Michigan,Nevada,38.77%,,
Michigan,New Mexico St,45.64%,,
Michigan,North Carolina,31.80%,,
Michigan,Ohio St,50.08%,,
Michigan,Oklahoma,70.43%,,
Michigan,Penn,69.59%,,
Michigan,Providence,64.57%,,
Michigan,Purdue,35.61%,,
Michigan,Radford,64.89%,,
Michigan,Rhode Island,36.59%,,
Michigan,S Dakota St,54.50%,,
Michigan,San Diego St,68.28%,,
Michigan,Seton Hall,50.71%,,
Michigan,SF Austin,63.15%,,
Michigan,St Bonaventure,51.45%,,
Michigan,Syracuse,56.71%,,
Michigan,TCU,53.82%,,
Michigan,Tennessee,51.57%,,
Michigan,Texas,60.03%,,
Michigan,Texas A&M,55.19%,,
Michigan,Texas Tech,42.93%,,
Michigan,TX Southern,91.98%,,
Michigan,UCLA,55.35%,,
Michigan,UMBC,78.74%,,
Michigan,UNC Greensboro,54.48%,,
Michigan,Villanova,21.77%,,
Michigan,Virginia,22.86%,,
Michigan,Virginia Tech,65.37%,,
Michigan,West Virginia,35.68%,,
Michigan,Wichita St,36.88%,,
Michigan,Wright St,65.47%,,
Michigan,Xavier,39.50%,,
Michigan St,Missouri,90.29%,,
Michigan St,Montana,76.38%,,
Michigan St,Murray St,67.01%,,
Michigan St,NC Central,93.59%,,
Michigan St,NC State,67.93%,,
Michigan St,Nevada,62.56%,,
Michigan St,New Mexico St,68.90%,,
Michigan St,North Carolina,55.16%,,
Michigan St,Ohio St,72.58%,,
Michigan St,Oklahoma,86.27%,,
Michigan St,Penn,85.79%,,
Michigan St,Providence,82.78%,,
Michigan St,Purdue,59.34%,,
Michigan St,Radford,82.99%,,
Michigan St,Rhode Island,60.36%,,
Michigan St,S Dakota St,75.97%,,
Michigan St,San Diego St,85.03%,,
Michigan St,Seton Hall,73.08%,,
Michigan St,SF Austin,81.89%,,
Michigan St,St Bonaventure,73.66%,,
Michigan St,Syracuse,77.56%,,
Michigan St,TCU,75.46%,,
Michigan St,Tennessee,73.76%,,
Michigan St,Texas,79.85%,,
Michigan St,Texas A&M,76.47%,,
Michigan St,Texas Tech,66.50%,,
Michigan St,TX Southern,95.00%,,
Michigan St,UCLA,76.59%,,
Michigan St,UMBC,90.72%,,
Michigan St,UNC Greensboro,75.95%,,
Michigan St,Villanova,42.35%,,
Michigan St,Virginia,43.89%,,
Michigan St,Virginia Tech,83.28%,,
Michigan St,West Virginia,59.41%,,
Michigan St,Wichita St,60.65%,,
Michigan St,Wright St,83.34%,,
Michigan St,Xavier,63.27%,,
Missouri,Montana,25.81%,,
Missouri,Murray St,17.93%,,
Missouri,NC Central,61.11%,,
Missouri,NC State,18.56%,,
Missouri,Nevada,15.24%,,
Missouri,New Mexico St,19.25%,,
Missouri,North Carolina,11.69%,,
Missouri,Ohio St,22.17%,,
Missouri,Oklahoma,40.34%,,
Missouri,Penn,39.38%,,
Missouri,Providence,34.09%,,
Missouri,Purdue,13.57%,,
Missouri,Radford,34.42%,,
Missouri,Rhode Island,14.08%,,
Missouri,S Dakota St,25.38%,,
Missouri,San Diego St,37.93%,,
Missouri,Seton Hall,22.60%,,
Missouri,SF Austin,32.73%,,
Missouri,St Bonaventure,23.13%,,
Missouri,Syracuse,27.11%,,
Missouri,TCU,24.86%,,
Missouri,Tennessee,23.22%,,
Missouri,Texas,29.89%,,
Missouri,Texas A&M,25.91%,,
Missouri,Texas Tech,17.60%,,
Missouri,TX Southern,76.51%,,
Missouri,UCLA,26.03%,,
Missouri,UMBC,51.25%,,
Missouri,UNC Greensboro,25.36%,,
Missouri,Villanova,7.32%,,
Missouri,Virginia,7.76%,,
Missouri,Virginia Tech,34.89%,,
Missouri,West Virginia,13.60%,,
Missouri,Wichita St,14.22%,,
Missouri,Wright St,34.99%,,
Missouri,Xavier,15.64%,,
Montana,Murray St,38.58%,,
Montana,NC Central,81.87%,,
Montana,NC State,39.57%,,
Montana,Nevada,34.07%,,
Montana,New Mexico St,40.65%,,
Montana,North Carolina,27.56%,,
Montana,Ohio St,45.01%,,
Montana,Oklahoma,66.02%,,
Montana,Penn,65.12%,,
Montana,Providence,59.79%,,
Montana,Purdue,31.09%,,
Montana,Radford,60.13%,,
Montana,Rhode Island,32.01%,,
Montana,S Dakota St,49.43%,,
Montana,San Diego St,63.72%,,
Montana,Seton Hall,45.63%,,
Montana,SF Austin,58.30%,,
Montana,St Bonaventure,46.37%,,
Montana,Syracuse,51.66%,,
Montana,TCU,48.74%,,
Montana,Tennessee,46.49%,,
Montana,Texas,55.06%,,
Montana,Texas A&M,50.12%,,
Montana,Texas Tech,38.03%,,
Montana,TX Southern,90.35%,,
Montana,UCLA,50.28%,,
Montana,UMBC,75.13%,,
Montana,UNC Greensboro,49.40%,,
Montana,Villanova,18.51%,,
Montana,Virginia,19.47%,,
Montana,Virginia Tech,60.63%,,
Montana,West Virginia,31.15%,,
Montana,Wichita St,32.28%,,
Montana,Wright St,60.74%,,
Montana,Xavier,34.75%,,
Murray St,NC Central,87.79%,,
Murray St,NC State,51.05%,,
Murray St,Nevada,45.14%,,
Murray St,New Mexico St,52.17%,,
Murray St,North Carolina,37.72%,,
Murray St,Ohio St,56.58%,,
Murray St,Oklahoma,75.57%,,
Murray St,Penn,74.83%,,
Murray St,Providence,70.30%,,
Murray St,Purdue,41.81%,,
Murray St,Radford,70.60%,,
Murray St,Rhode Island,42.85%,,
Murray St,S Dakota St,60.88%,,
Murray St,San Diego St,73.66%,,
Murray St,Seton Hall,57.20%,,
Murray St,SF Austin,69.01%,,
Murray St,St Bonaventure,57.93%,,
Murray St,Syracuse,62.98%,,
Murray St,TCU,60.23%,,
Murray St,Tennessee,58.05%,,
Murray St,Texas,66.11%,,
Murray St,Texas A&M,61.54%,,
Murray St,Texas Tech,49.43%,,
Murray St,TX Southern,93.71%,,
Murray St,UCLA,61.69%,,
Murray St,UMBC,82.79%,,
Murray St,UNC Greensboro,60.86%,,
Murray St,Villanova,26.56%,,
Murray St,Virginia,27.80%,,
Murray St,Virginia Tech,71.03%,,
Loyola-Chicago,Miami FL,53.13%,S,
Murray St,Wichita St,43.15%,,
Murray St,Wright St,71.12%,,
Murray St,Xavier,45.89%,,
NC Central,NC State,12.66%,,
NC Central,Nevada,10.27%,,
NC Central,New Mexico St,13.17%,,
NC Central,North Carolina,7.77%,,
NC Central,Ohio St,15.34%,,
NC Central,Oklahoma,30.08%,,
NC Central,Penn,29.25%,,
NC Central,Providence,24.77%,,
NC Central,Purdue,9.08%,,
NC Central,Radford,25.03%,,
NC Central,Rhode Island,9.44%,,
NC Central,S Dakota St,17.79%,,
NC Central,San Diego St,28.00%,,
NC Central,Seton Hall,15.67%,,
NC Central,SF Austin,23.64%,,
NC Central,St Bonaventure,16.07%,,
NC Central,Syracuse,19.13%,,
NC Central,TCU,17.39%,,
NC Central,Tennessee,16.14%,,
NC Central,Texas,21.34%,,
NC Central,Texas A&M,18.20%,,
NC Central,Texas Tech,11.96%,,
NC Central,TX Southern,67.45%,,
NC Central,UCLA,18.30%,,
NC Central,UMBC,40.08%,,
NC Central,UNC Greensboro,17.78%,,
NC Central,Villanova,5.00%,,
NC Central,Virginia,5.08%,,
NC Central,Virginia Tech,25.43%,,
NC Central,West Virginia,9.11%,,
NC Central,Wichita St,9.55%,,
NC Central,Wright St,25.51%,,
NC Central,Xavier,10.55%,,
NC State,Nevada,44.10%,,
NC State,New Mexico St,51.13%,,
NC State,North Carolina,36.74%,,
NC State,Ohio St,55.55%,,
NC State,Oklahoma,74.79%,,
NC State,Penn,74.04%,,
NC State,Providence,69.42%,,
NC State,Purdue,40.79%,,
NC State,Radford,69.73%,,
NC State,Rhode Island,41.83%,,
NC State,S Dakota St,59.88%,,
NC State,San Diego St,72.84%,,
Nevada,Texas,70.34%,S,X
NC State,SF Austin,68.11%,,
NC State,St Bonaventure,56.90%,,
NC State,Syracuse,62.00%,,
NC State,TCU,59.22%,,
NC State,Tennessee,57.02%,,
NC State,Texas,65.17%,,
NC State,Texas A&M,60.55%,,
NC State,Texas Tech,48.38%,,
NC State,TX Southern,93.46%,,
NC State,UCLA,60.70%,,
NC State,UMBC,82.19%,,
NC State,UNC Greensboro,59.86%,,
NC State,Villanova,25.75%,,
NC State,Virginia,26.97%,,
NC State,Virginia Tech,70.16%,,
NC State,West Virginia,40.86%,,
NC State,Wichita St,42.12%,,
NC State,Wright St,70.26%,,
NC State,Xavier,44.85%,,
Nevada,New Mexico St,57.01%,,
Nevada,North Carolina,42.40%,,
Nevada,Ohio St,61.30%,,
Nevada,Oklahoma,78.99%,,
Nevada,Penn,78.33%,,
Nevada,Providence,74.21%,,
Nevada,Purdue,46.62%,,
Nevada,Radford,74.48%,,
Nevada,Rhode Island,47.68%,,
Nevada,S Dakota St,65.42%,,
Nevada,San Diego St,77.27%,,
Nevada,Seton Hall,61.90%,,
Nevada,SF Austin,73.02%,,
Nevada,St Bonaventure,62.60%,,
Nevada,Syracuse,67.41%,,
Nevada,TCU,64.80%,,
Nevada,Tennessee,62.71%,,
Tennessee,Wright St,64.03%,S,
Nevada,Texas A&M,66.05%,,
Nevada,Texas Tech,54.30%,,
Nevada,TX Southern,94.77%,,
Nevada,UCLA,66.19%,,
Nevada,UMBC,85.40%,,
Nevada,UNC Greensboro,65.40%,,
Nevada,Villanova,30.53%,,
Nevada,Virginia,31.88%,,
Nevada,Virginia Tech,74.88%,,
Nevada,West Virginia,46.69%,,
Nevada,Wichita St,47.98%,,
Nevada,Wright St,74.96%,,
Nevada,Xavier,50.76%,,
New Mexico St,North Carolina,35.70%,,
New Mexico St,Ohio St,54.44%,,
New Mexico St,Oklahoma,73.93%,,
New Mexico St,Penn,73.16%,,
New Mexico St,Providence,68.46%,,
New Mexico St,Purdue,39.71%,,
New Mexico St,Radford,68.76%,,
New Mexico St,Rhode Island,40.74%,,
New Mexico St,S Dakota St,58.79%,,
New Mexico St,San Diego St,71.94%,,
New Mexico St,Seton Hall,55.06%,,
New Mexico St,SF Austin,67.12%,,
New Mexico St,St Bonaventure,55.79%,,
New Mexico St,Syracuse,60.94%,,
New Mexico St,TCU,58.13%,,
New Mexico St,Tennessee,55.92%,,
New Mexico St,Texas,64.14%,,
New Mexico St,Texas A&M,59.46%,,
New Mexico St,Texas Tech,47.26%,,
New Mexico St,TX Southern,93.18%,,
New Mexico St,UCLA,59.62%,,
New Mexico St,UMBC,81.52%,,
New Mexico St,UNC Greensboro,58.77%,,
New Mexico St,Villanova,24.90%,,
New Mexico St,Virginia,26.09%,,
New Mexico St,Virginia Tech,69.21%,,
New Mexico St,West Virginia,39.78%,,
New Mexico St,Wichita St,41.03%,,
New Mexico St,Wright St,69.31%,,
New Mexico St,Xavier,43.74%,,
North Carolina,Ohio St,68.27%,,
North Carolina,Oklahoma,83.63%,,
North Carolina,Penn,83.08%,,
North Carolina,Providence,79.63%,,
North Carolina,Purdue,54.26%,,
North Carolina,Radford,79.86%,,
North Carolina,Rhode Island,55.32%,,
North Carolina,S Dakota St,71.98%,,
North Carolina,San Diego St,82.20%,,
North Carolina,Seton Hall,68.81%,,
North Carolina,SF Austin,78.61%,,
North Carolina,St Bonaventure,69.45%,,
North Carolina,Syracuse,73.75%,,
North Carolina,TCU,71.43%,,
North Carolina,Tennessee,69.55%,,
North Carolina,Texas,76.31%,,
North Carolina,Texas A&M,72.54%,,
North Carolina,Texas Tech,61.74%,,
North Carolina,TX Southern,95.00%,,
North Carolina,UCLA,72.67%,,
North Carolina,UMBC,88.82%,,
North Carolina,UNC Greensboro,71.97%,,
North Carolina,Villanova,37.38%,,
North Carolina,Virginia,38.87%,,
North Carolina,Virginia Tech,80.19%,,
North Carolina,West Virginia,54.33%,,
North Carolina,Wichita St,55.61%,,
North Carolina,Wright St,80.26%,,
North Carolina,Xavier,58.34%,,
Ohio St,Oklahoma,70.36%,,
Ohio St,Penn,69.52%,,
Ohio St,Providence,64.49%,,
Ohio St,Purdue,35.53%,,
Ohio St,Radford,64.82%,,
Ohio St,Rhode Island,36.52%,,
UMBC,Virginia,7.41%,S,
Ohio St,San Diego St,68.21%,,
Ohio St,Seton Hall,50.63%,,
Ohio St,SF Austin,63.08%,,
Ohio St,St Bonaventure,51.37%,,
Ohio St,Syracuse,56.63%,,
Ohio St,TCU,53.74%,,
Ohio St,Tennessee,51.49%,,
Ohio St,Texas,59.95%,,
Ohio St,Texas A&M,55.11%,,
Ohio St,Texas Tech,42.85%,,
Ohio St,TX Southern,91.96%,,
Ohio St,UCLA,55.27%,,
Ohio St,UMBC,78.68%,,
Ohio St,UNC Greensboro,54.40%,,
Ohio St,Villanova,21.72%,,
Ohio St,Virginia,22.81%,,
Ohio St,Virginia Tech,65.29%,,
Ohio St,West Virginia,35.60%,,
Ohio St,Wichita St,36.80%,,
Ohio St,Wright St,65.40%,,
Ohio St,Xavier,39.42%,,
Oklahoma,Penn,49.01%,,
Oklahoma,Providence,43.35%,,
Oklahoma,Purdue,18.85%,,
Oklahoma,Radford,43.70%,,
Florida St,Missouri,81.71%,W,
Oklahoma,S Dakota St,33.47%,,
Oklahoma,San Diego St,47.48%,,
Oklahoma,Seton Hall,30.17%,,
Oklahoma,SF Austin,41.85%,,
Oklahoma,St Bonaventure,30.80%,,
Oklahoma,Syracuse,35.49%,,
Oklahoma,TCU,32.86%,,
Oklahoma,Tennessee,30.90%,,
Oklahoma,Texas,38.67%,,
Oklahoma,Texas A&M,34.09%,,
Oklahoma,Texas Tech,24.01%,,
Oklahoma,TX Southern,82.81%,,
Oklahoma,UCLA,34.23%,,
Oklahoma,UMBC,60.86%,,
Oklahoma,UNC Greensboro,33.45%,,
Oklahoma,Villanova,10.47%,,
Oklahoma,Virginia,11.07%,,
Oklahoma,Virginia Tech,44.22%,,
Oklahoma,West Virginia,18.89%,,
Oklahoma,Wichita St,19.70%,,
Oklahoma,Wright St,44.33%,,
Oklahoma,Xavier,21.52%,,
Penn,Providence,44.33%,,
Penn,Purdue,19.46%,,
Penn,Radford,44.68%,,
Penn,Rhode Island,20.14%,,
Penn,S Dakota St,34.36%,,
Penn,San Diego St,48.47%,,
Penn,Seton Hall,31.01%,,
Penn,SF Austin,42.82%,,
Penn,St Bonaventure,31.65%,,
Penn,Syracuse,36.40%,,
Penn,TCU,33.74%,,
Penn,Tennessee,31.76%,,
Penn,Texas,39.62%,,
Penn,Texas A&M,34.99%,,
Penn,Texas Tech,24.74%,,
Penn,TX Southern,83.37%,,
Penn,UCLA,35.13%,,
Penn,UMBC,61.80%,,
Penn,UNC Greensboro,34.34%,,
Penn,Villanova,10.84%,,
Penn,Virginia,11.47%,,
Penn,Virginia Tech,45.20%,,
Penn,West Virginia,19.51%,,
Penn,Wichita St,20.33%,,
Penn,Wright St,45.31%,,
Penn,Xavier,22.19%,,
Providence,Purdue,23.28%,,
Providence,Radford,50.36%,,
Providence,Rhode Island,24.05%,,
Providence,S Dakota St,39.66%,,
Providence,San Diego St,54.16%,,
Providence,Seton Hall,36.08%,,
Providence,SF Austin,48.47%,,
Providence,St Bonaventure,36.77%,,
Providence,Syracuse,41.82%,,
Providence,TCU,39.01%,,
Providence,Tennessee,36.89%,,
Providence,Texas,45.18%,,
Gonzaga,UNC Greensboro,74.63%,W,
Providence,Texas Tech,29.22%,,
Providence,TX Southern,86.29%,,
Providence,UCLA,40.49%,,
Providence,UMBC,67.02%,,
Providence,UNC Greensboro,39.64%,,
Providence,Villanova,13.25%,,
Providence,Virginia,13.99%,,
Providence,Virginia Tech,50.88%,,
Providence,West Virginia,23.34%,,
Providence,Wichita St,24.28%,,
Providence,Wright St,50.99%,,
Providence,Xavier,26.38%,,
Purdue,Radford,76.97%,,
Purdue,Rhode Island,51.07%,,
Purdue,S Dakota St,68.42%,,
Purdue,San Diego St,79.56%,,
Purdue,Seton Hall,65.04%,,
Purdue,SF Austin,75.61%,,
Purdue,St Bonaventure,65.71%,,
Purdue,Syracuse,70.32%,,
Purdue,TCU,67.82%,,
Purdue,Tennessee,65.82%,,
Purdue,Texas,73.09%,,
Purdue,Texas A&M,69.02%,,
Purdue,Texas Tech,57.64%,,
Purdue,TX Southern,95.00%,,
Purdue,UCLA,69.15%,,
Purdue,UMBC,87.01%,,
Purdue,UNC Greensboro,68.40%,,
Purdue,Villanova,33.48%,,
Purdue,Virginia,34.90%,,
Purdue,Virginia Tech,77.34%,,
Purdue,West Virginia,50.08%,,
Purdue,Wichita St,51.37%,,
Purdue,Wright St,77.42%,,
Purdue,Xavier,54.14%,,
Radford,Rhode Island,23.79%,,
Radford,S Dakota St,39.32%,,
Radford,San Diego St,53.80%,,
Radford,Seton Hall,35.75%,,
Radford,SF Austin,48.11%,,
Radford,St Bonaventure,36.44%,,
Radford,Syracuse,41.47%,,
Radford,TCU,38.67%,,
Radford,Tennessee,36.56%,,
Radford,Texas,44.82%,,
Radford,Texas A&M,39.99%,,
Radford,Texas Tech,28.93%,,
Radford,TX Southern,86.12%,,
Radford,UCLA,40.14%,,
Radford,UMBC,66.70%,,
Radford,UNC Greensboro,39.30%,,
Houston,San Diego St,68.53%,W,
Radford,Virginia,13.82%,,
Radford,Virginia Tech,50.52%,,
Radford,West Virginia,23.08%,,
Radford,Wichita St,24.01%,,
Radford,Wright St,50.64%,,
Radford,Xavier,26.10%,,
Rhode Island,S Dakota St,67.49%,,
Rhode Island,San Diego St,78.86%,,
Rhode Island,Seton Hall,64.06%,,
Rhode Island,SF Austin,74.81%,,
Rhode Island,St Bonaventure,64.74%,,
Rhode Island,Syracuse,69.41%,,
Rhode Island,TCU,66.88%,,
Rhode Island,Tennessee,64.85%,,
Rhode Island,Texas,72.24%,,
Rhode Island,Texas A&M,68.09%,,
Rhode Island,Texas Tech,56.59%,,
Rhode Island,TX Southern,95.00%,,
Rhode Island,UCLA,68.23%,,
Rhode Island,UMBC,86.52%,,
Rhode Island,UNC Greensboro,67.47%,,
Rhode Island,Villanova,32.54%,,
Rhode Island,Virginia,33.93%,,
Rhode Island,Virginia Tech,76.58%,,
Rhode Island,West Virginia,49.01%,,
Rhode Island,Wichita St,50.30%,,
Rhode Island,Wright St,76.66%,,
Rhode Island,Xavier,53.08%,,
S Dakota St,San Diego St,64.25%,,
S Dakota St,Seton Hall,46.20%,,
S Dakota St,SF Austin,58.86%,,
S Dakota St,St Bonaventure,46.94%,,
S Dakota St,Syracuse,52.23%,,
S Dakota St,TCU,49.32%,,
S Dakota St,Tennessee,47.06%,,
S Dakota St,Texas,55.62%,,
S Dakota St,Texas A&M,50.70%,,
S Dakota St,Texas Tech,38.58%,,
S Dakota St,TX Southern,90.55%,,
S Dakota St,UCLA,50.85%,,
S Dakota St,UMBC,75.56%,,
S Dakota St,UNC Greensboro,49.98%,,
S Dakota St,Villanova,18.85%,,
S Dakota St,Virginia,19.84%,,
S Dakota St,Virginia Tech,61.18%,,
S Dakota St,West Virginia,31.65%,,
S Dakota St,Wichita St,32.78%,,
S Dakota St,Wright St,61.28%,,
S Dakota St,Xavier,35.27%,,
San Diego St,Seton Hall,32.33%,,
San Diego St,SF Austin,44.33%,,
San Diego St,St Bonaventure,32.99%,,
San Diego St,Syracuse,37.83%,,
San Diego St,TCU,35.13%,,
San Diego St,Tennessee,33.10%,,
San Diego St,Texas,41.09%,,
San Diego St,Texas A&M,36.39%,,
San Diego St,Texas Tech,25.90%,,
San Diego St,TX Southern,84.20%,,
San Diego St,UCLA,36.54%,,
San Diego St,UMBC,63.24%,,
San Diego St,UNC Greensboro,35.73%,,
San Diego St,Villanova,11.45%,,
San Diego St,Virginia,12.10%,,
San Diego St,Virginia Tech,46.72%,,
San Diego St,West Virginia,20.49%,,
San Diego St,Wichita St,21.34%,,
San Diego St,Wright St,46.83%,,
San Diego St,Xavier,23.27%,,
Seton Hall,SF Austin,62.49%,,
Seton Hall,St Bonaventure,50.75%,,
Seton Hall,Syracuse,56.01%,,
Seton Hall,TCU,53.12%,,
Seton Hall,Tennessee,50.87%,,
Seton Hall,Texas,59.35%,,
Seton Hall,Texas A&M,54.49%,,
Seton Hall,Texas Tech,42.24%,,
Seton Hall,TX Southern,91.77%,,
Seton Hall,UCLA,54.65%,,
Seton Hall,UMBC,78.26%,,
Seton Hall,UNC Greensboro,53.78%,,
Seton Hall,Villanova,21.30%,,
Seton Hall,Virginia,22.37%,,
Seton Hall,Virginia Tech,64.73%,,
Seton Hall,West Virginia,35.03%,,
Seton Hall,Wichita St,36.22%,,
Seton Hall,Wright St,64.83%,,
Seton Hall,Xavier,38.82%,,
SF Austin,St Bonaventure,38.21%,,
SF Austin,Syracuse,43.32%,,
SF Austin,TCU,40.48%,,
SF Austin,Tennessee,38.32%,,
SF Austin,Texas,46.70%,,
SF Austin,Texas A&M,41.81%,,
Lipscomb,North Carolina,12.16%,W,
SF Austin,TX Southern,87.00%,,
SF Austin,UCLA,41.97%,,
SF Austin,UMBC,68.36%,,
SF Austin,UNC Greensboro,41.12%,,
SF Austin,Villanova,13.97%,,
SF Austin,Virginia,14.74%,,
SF Austin,Virginia Tech,52.41%,,
SF Austin,West Virginia,24.45%,,
SF Austin,Wichita St,25.42%,,
SF Austin,Wright St,52.52%,,
SF Austin,Xavier,27.58%,,
St Bonaventure,Syracuse,55.27%,,
St Bonaventure,TCU,52.38%,,
St Bonaventure,Tennessee,50.12%,,
St Bonaventure,Texas,58.62%,,
St Bonaventure,Texas A&M,53.75%,,
St Bonaventure,Texas Tech,41.52%,,
St Bonaventure,TX Southern,91.54%,,
St Bonaventure,UCLA,53.91%,,
St Bonaventure,UMBC,77.75%,,
St Bonaventure,UNC Greensboro,53.03%,,
St Bonaventure,Villanova,20.80%,,
St Bonaventure,Virginia,21.86%,,
St Bonaventure,Virginia Tech,64.04%,,
St Bonaventure,West Virginia,34.35%,,
St Bonaventure,Wichita St,35.53%,,
St Bonaventure,Wright St,64.15%,,
St Bonaventure,Xavier,38.12%,,
Michigan,Montana,55.07%,W,
Syracuse,Tennessee,44.85%,,
Syracuse,Texas,53.41%,,
Syracuse,Texas A&M,48.47%,,
Syracuse,Texas Tech,36.48%,,
Syracuse,TX Southern,89.75%,,
Syracuse,UCLA,48.62%,,
Syracuse,UMBC,73.87%,,
Syracuse,UNC Greensboro,47.75%,,
Syracuse,Villanova,17.53%,,
Syracuse,Virginia,18.45%,,
Syracuse,Virginia Tech,59.04%,,
Syracuse,West Virginia,29.75%,,
Syracuse,Wichita St,30.84%,,
Syracuse,Wright St,59.14%,,
Syracuse,Xavier,33.26%,,
TCU,Tennessee,47.75%,,
TCU,Texas,56.30%,,
TCU,Texas A&M,51.38%,,
TCU,Texas Tech,39.23%,,
TCU,TX Southern,90.78%,,
TCU,UCLA,51.54%,,
TCU,UMBC,76.06%,,
TCU,UNC Greensboro,50.66%,,
TCU,Villanova,19.28%,,
TCU,Virginia,20.27%,,
TCU,Virginia Tech,61.82%,,
TCU,West Virginia,32.24%,,
TCU,Wichita St,33.39%,,
TCU,Wright St,61.93%,,
TCU,Xavier,35.90%,,
Tennessee,Texas,58.51%,,
Tennessee,Texas A&M,53.63%,,
Tennessee,Texas Tech,41.40%,,
Tennessee,TX Southern,91.51%,,
Tennessee,UCLA,53.79%,,
Tennessee,UMBC,77.66%,,
Tennessee,UNC Greensboro,52.91%,,
Tennessee,Villanova,20.72%,,
Tennessee,Virginia,21.77%,,
Tennessee,Virginia Tech,63.93%,,
Tennessee,West Virginia,34.25%,,
Tennessee,Wichita St,35.42%,,
Ohio St,S Dakota St,54.42%,W,
Tennessee,Xavier,38.00%,,
Texas,Texas A&M,45.07%,,
Texas,Texas Tech,33.38%,,
Texas,TX Southern,88.43%,,
Texas,UCLA,45.22%,,
Texas,UMBC,71.15%,,
Texas,UNC Greensboro,44.35%,,
Texas,Villanova,15.64%,,
Texas,Virginia,16.49%,,
Texas,Virginia Tech,55.70%,,
Texas,West Virginia,26.97%,,
Texas,Wichita St,28.01%,,
Texas,Wright St,55.81%,,
Texas,Xavier,30.30%,,
Texas A&M,Texas Tech,37.92%,,
Texas A&M,TX Southern,90.30%,,
Texas A&M,UCLA,50.16%,,
Texas A&M,UMBC,75.04%,,
Texas A&M,UNC Greensboro,49.28%,,
Texas A&M,Villanova,18.43%,,
Texas A&M,Virginia,19.40%,,
Texas A&M,Virginia Tech,60.51%,,
Texas A&M,West Virginia,31.05%,,
Texas A&M,Wichita St,32.17%,,
Texas A&M,Wright St,60.62%,,
Texas A&M,Xavier,34.64%,,
Texas Tech,TX Southern,93.85%,,
Texas Tech,UCLA,62.23%,,
Texas Tech,UMBC,83.11%,,
Texas Tech,UNC Greensboro,61.40%,,
Texas Tech,Villanova,27.01%,,
Texas Tech,Virginia,28.26%,,
Texas Tech,Virginia Tech,71.50%,,
Texas Tech,West Virginia,42.44%,,
Texas Tech,Wichita St,43.71%,,
Texas Tech,Wright St,71.59%,,
Texas Tech,Xavier,46.46%,,
TX Southern,UCLA,9.75%,,
TX Southern,UMBC,24.40%,,
TX Southern,UNC Greensboro,9.45%,,
TX Southern,Villanova,5.00%,,
TX Southern,Virginia,5.00%,,
TX Southern,Virginia Tech,14.13%,,
TX Southern,West Virginia,5.00%,,
TX Southern,Wichita St,5.00%,,
TX Southern,Wright St,14.18%,,
Providence,Texas A&M,40.33%,W,
UCLA,UMBC,74.92%,,
UCLA,UNC Greensboro,49.12%,,
UCLA,Villanova,18.34%,,
UCLA,Virginia,19.30%,,
UCLA,Virginia Tech,60.36%,,
UCLA,West Virginia,30.91%,,
UCLA,Wichita St,32.03%,,
UCLA,Wright St,60.47%,,
UCLA,Xavier,34.50%,,
UMBC,UNC Greensboro,24.43%,,
UMBC,Villanova,6.99%,,
TX Southern,Xavier,5.38%,W,
UMBC,Virginia Tech,33.76%,,
UMBC,West Virginia,13.03%,,
UMBC,Wichita St,13.63%,,
UMBC,Wright St,33.86%,,
UMBC,Xavier,14.99%,,
UNC Greensboro,Villanova,18.87%,,
UNC Greensboro,Virginia,19.85%,,
UNC Greensboro,Virginia Tech,61.20%,,
UNC Greensboro,West Virginia,31.67%,,
UNC Greensboro,Wichita St,32.80%,,
UNC Greensboro,Wright St,61.30%,,
UNC Greensboro,Xavier,35.29%,,
Villanova,Virginia,51.57%,,
Villanova,Virginia Tech,87.15%,,
Villanova,West Virginia,66.59%,,
Villanova,Wichita St,67.73%,,
Villanova,Wright St,87.20%,,
Villanova,Xavier,70.11%,,
Virginia,Virginia Tech,86.43%,,
Virginia,West Virginia,65.17%,,
Virginia,Wichita St,66.34%,,
Virginia,Wright St,86.48%,,
Virginia,Xavier,68.77%,,
Virginia Tech,West Virginia,22.71%,,
Virginia Tech,Wichita St,23.63%,,
Virginia Tech,Wright St,50.11%,,
Virginia Tech,Xavier,25.70%,,
West Virginia,Wichita St,51.30%,,
West Virginia,Wright St,77.37%,,
West Virginia,Xavier,54.07%,,
Wichita St,Wright St,76.45%,,
Wichita St,Xavier,52.77%,,
Wright St,Xavier,25.61%,,